{
  "project_info": {
    "project_number": "534130597390",
    "project_id": "fir-webnesdaydemo",
    "storage_bucket": "fir-webnesdaydemo.appspot.com"
  },
  "client": [
    {
      "client_info": {
        "mobilesdk_app_id": "1:534130597390:android:f146e36f628943d1b7a65f",
        "android_client_info": {
          "package_name": "com.example.firebasewednesdaydemo"
        }
      },
      "oauth_client": [
        {
          "client_id": "534130597390-4tkbr7nr70q1r9p18fkmdp53doidn1ke.apps.googleusercontent.com",
          "client_type": 3
        }
      ],
      "api_key": [
        {
          "current_key": "AIzaSyCnxRIyssuNhrCAz1WLjCH53BHIqlhrVg8"
        }
      ],
      "services": {
        "appinvite_service": {
          "other_platform_oauth_client": [
            {
              "client_id": "534130597390-4tkbr7nr70q1r9p18fkmdp53doidn1ke.apps.googleusercontent.com",
              "client_type": 3
            }
          ]
        }
      }
    }
  ],
  "configuration_version": "1"
}